Order ID,Order Date,Region,Category,Sub-Category,Product Name,Sales,Quantity,Profit
ORD-0001,2025-05-06,East,Office Supplies,Paper,A4 Paper Pack,1209.27,2,333.32
ORD-0002,2025-01-16,North,Technology,Mobile,Midrange Smartphone,10607.7,2,-616.6
ORD-0003,2025-04-23,West,Office Supplies,Organization,Label Stickers,5780.35,5,49.94
ORD-0004,2025-03-21,East,Office Supplies,Writing,Marker Set,3512.19,6,504.03
ORD-0005,2025-01-23,East,Furniture,Tables,Coffee Table,40135.24,3,3912.21
ORD-0006,2025-10-23,East,Technology,Mobile,Midrange Smartphone,9622.24,1,1041.59
ORD-0007,2025-07-14,North,Furniture,Chairs,Office Chair,16960.05,3,3337.32
ORD-0008,2025-12-26,East,Furniture,Chairs,Ergonomic Chair,50750.38,3,4567.35
ORD-0009,2025-08-25,South,Office Supplies,Organization,Binder Pack,8872.84,9,1512.92
ORD-0010,2025-07-25,East,Technology,Laptops,Business Laptop,25854.1,2,6834.91
ORD-0011,2025-07-22,West,Office Supplies,Writing,Gel Pen Box,17749.02,8,2713.12
ORD-0012,2025-10-27,East,Office Supplies,Organization,Label Stickers,11053.79,10,2341.88
ORD-0013,2025-01-25,North,Technology,Mobile,Midrange Smartphone,77832.61,2,16573.7
ORD-0014,2025-07-15,West,Furniture,Storage,Bookshelf,22179.38,2,3417.31
ORD-0015,2025-12-16,North,Technology,Mobile,Tablet,119861.2,3,28568.65
ORD-0016,2025-01-02,West,Furniture,Tables,Study Desk,51630.76,3,6034.32
ORD-0017,2025-11-24,East,Technology,Mobile,Budget Smartphone,46871.27,2,5976.61
ORD-0018,2025-09-08,East,Office Supplies,Organization,Binder Pack,645.14,6,207.8
ORD-0019,2025-10-18,South,Furniture,Chairs,Office Chair,17092.84,1,3118.88
ORD-0020,2025-10-09,West,Office Supplies,Paper,A4 Paper Pack,4166.19,9,1335.93
ORD-0021,2025-06-09,South,Technology,Mobile,Tablet,56027.59,3,10020.98
ORD-0022,2025-06-23,North,Technology,Laptops,Business Laptop,4242.6,2,-9.07
ORD-0023,2025-06-19,North,Technology,Laptops,Business Laptop,8607.1,2,1292.15
ORD-0024,2025-05-05,West,Office Supplies,Paper,Sticky Notes,13821.3,7,2263.85
ORD-0025,2025-08-28,West,Furniture,Tables,Conference Table,15671.61,1,2731.11
ORD-0026,2025-02-25,East,Technology,Laptops,Student Laptop,24182.29,2,4752.58
ORD-0027,2025-02-08,South,Technology,Accessories,Mechanical Keyboard,20609.13,1,2248.58
ORD-0028,2025-07-28,South,Technology,Laptops,Business Laptop,44942.16,2,11488.88
ORD-0029,2025-05-16,West,Technology,Accessories,Wireless Mouse,167125.97,4,25293.66
ORD-0030,2025-03-21,West,Office Supplies,Organization,Label Stickers,2093.4,4,717.62
ORD-0031,2025-01-30,East,Office Supplies,Paper,Sticky Notes,1458.78,8,343.77
ORD-0032,2025-04-06,North,Technology,Laptops,Gaming Laptop,4201.23,1,930.73
ORD-0033,2025-11-14,North,Technology,Mobile,Budget Smartphone,14372.62,3,3855.41
ORD-0034,2025-07-22,East,Office Supplies,Writing,Gel Pen Box,1896.72,5,427.07
ORD-0035,2025-02-07,North,Technology,Laptops,Student Laptop,74245.16,3,9194.68
ORD-0036,2025-03-22,East,Technology,Laptops,Student Laptop,61177.45,3,12853.5
ORD-0037,2025-12-06,East,Office Supplies,Organization,Binder Pack,938.25,3,169.66
ORD-0038,2025-05-25,East,Office Supplies,Organization,Binder Pack,9214.71,6,1537.27
ORD-0039,2025-01-27,East,Furniture,Storage,Filing Cabinet,4956.61,2,-214.66
ORD-0040,2025-08-15,South,Technology,Mobile,Midrange Smartphone,101454.41,4,20388.61
ORD-0041,2025-07-09,North,Office Supplies,Paper,Sticky Notes,4443.97,3,-177.26
ORD-0042,2025-12-08,South,Technology,Accessories,Wireless Mouse,22809.44,4,6279.23
ORD-0043,2025-01-13,West,Technology,Laptops,Business Laptop,27167.99,3,6542.86
ORD-0044,2025-03-23,East,Office Supplies,Organization,Binder Pack,3962.39,2,-111.83
ORD-0045,2025-04-27,East,Technology,Accessories,Mechanical Keyboard,21928.1,2,3765.58
ORD-0046,2025-12-14,West,Technology,Accessories,Mechanical Keyboard,132523.07,3,35657.01
ORD-0047,2025-01-20,East,Furniture,Chairs,Ergonomic Chair,5507.37,2,707.13
ORD-0048,2025-07-17,North,Furniture,Storage,Drawer Unit,16281.53,1,1883.14
ORD-0049,2025-07-06,South,Technology,Mobile,Tablet,60272.48,3,12787.89
ORD-0050,2025-12-08,East,Technology,Mobile,Midrange Smartphone,76350.44,4,17216.83
ORD-0051,2025-12-13,West,Technology,Accessories,USB-C Hub,67936.59,2,14320.54
ORD-0052,2025-04-18,East,Office Supplies,Paper,Notebook Set,11089.27,10,2878.02
ORD-0053,2025-09-19,South,Furniture,Tables,Coffee Table,26974.45,3,2798.78
ORD-0054,2025-02-17,East,Office Supplies,Organization,Label Stickers,8227.81,4,2260.53
ORD-0055,2025-05-06,North,Technology,Laptops,Business Laptop,44296.4,1,8060.83
ORD-0056,2025-09-11,West,Office Supplies,Paper,Sticky Notes,3105.46,3,8.09
ORD-0057,2025-12-23,South,Technology,Accessories,Wireless Mouse,23886.55,1,4785.27
ORD-0058,2025-12-08,West,Technology,Accessories,Wireless Mouse,73390.73,3,19889.41
ORD-0059,2025-10-08,West,Office Supplies,Organization,Label Stickers,3444.09,3,1002.37
ORD-0060,2025-09-24,East,Furniture,Chairs,Ergonomic Chair,9186.61,1,1088.1
ORD-0061,2025-06-13,East,Furniture,Chairs,Gaming Chair,16170.76,1,1606.93
ORD-0062,2025-02-02,South,Office Supplies,Paper,Sticky Notes,6433.67,6,1574.97
ORD-0063,2025-10-22,North,Technology,Accessories,Mechanical Keyboard,17860.69,1,4816.91
ORD-0064,2025-09-07,South,Furniture,Tables,Coffee Table,9304.22,2,1376.93
ORD-0065,2025-08-28,South,Office Supplies,Organization,Folder Set,23036.82,10,5594.46
ORD-0066,2025-02-12,North,Office Supplies,Organization,Label Stickers,4884.93,3,1560.13
ORD-0067,2025-08-21,South,Furniture,Tables,Conference Table,12978.13,2,1543.83
ORD-0068,2025-01-10,West,Furniture,Tables,Study Desk,13708.31,1,3015.65
ORD-0069,2025-01-16,North,Office Supplies,Paper,Sticky Notes,9508.21,4,2976.28
ORD-0070,2025-10-16,North,Technology,Laptops,Student Laptop,170847.03,4,38594.98
ORD-0071,2025-03-25,North,Technology,Mobile,Tablet,43454.77,1,8871.87
ORD-0072,2025-04-12,West,Office Supplies,Organization,Folder Set,981.73,4,140.82
ORD-0073,2025-06-27,North,Office Supplies,Organization,Binder Pack,8159.39,6,1108.54
ORD-0074,2025-08-10,North,Technology,Accessories,Mechanical Keyboard,173129.98,4,39355.14
ORD-0075,2025-11-12,East,Office Supplies,Organization,Label Stickers,18288.05,9,5452.9
ORD-0076,2025-05-06,East,Office Supplies,Organization,Folder Set,4173.97,2,768.65
ORD-0077,2025-06-22,West,Furniture,Storage,Drawer Unit,2781.54,2,293.33
ORD-0078,2025-10-12,East,Furniture,Tables,Conference Table,1073.58,1,98.75
ORD-0079,2025-11-27,West,Furniture,Storage,Bookshelf,26145.01,2,4993.97
ORD-0080,2025-06-06,South,Technology,Accessories,USB-C Hub,90844.35,3,16823.18
ORD-0081,2025-06-30,East,Furniture,Storage,Drawer Unit,25837.64,2,3176.15
ORD-0082,2025-10-02,North,Office Supplies,Paper,Notebook Set,7140.42,3,1171.42
ORD-0083,2025-02-21,East,Furniture,Storage,Drawer Unit,30275.89,2,3386.29
ORD-0084,2025-05-21,South,Technology,Mobile,Tablet,3193.59,1,637.46
ORD-0085,2025-01-07,North,Technology,Mobile,Midrange Smartphone,105376.05,4,19617.71
ORD-0086,2025-02-03,North,Technology,Accessories,Mechanical Keyboard,18750.99,1,3822.65
ORD-0087,2025-02-13,East,Technology,Laptops,Gaming Laptop,44733.61,1,8966.99
ORD-0088,2025-08-19,West,Office Supplies,Organization,Binder Pack,11383.75,5,3618.19
ORD-0089,2025-11-09,North,Furniture,Storage,Drawer Unit,17317.86,1,3682.86
ORD-0090,2025-03-22,North,Technology,Accessories,USB-C Hub,11706.09,1,1500.44
ORD-0091,2025-01-17,East,Office Supplies,Organization,Folder Set,3124.01,5,879.99
ORD-0092,2025-08-06,South,Office Supplies,Paper,Notebook Set,1360.22,4,365.84
ORD-0093,2025-06-07,South,Technology,Laptops,Business Laptop,81788.79,3,14644.09
ORD-0094,2025-09-14,East,Furniture,Storage,Filing Cabinet,20267.37,2,-658.22
ORD-0095,2025-02-16,North,Furniture,Storage,Filing Cabinet,14443.82,3,2845.93
ORD-0096,2025-03-31,North,Technology,Mobile,Midrange Smartphone,87231.74,4,23107.09
ORD-0097,2025-02-16,West,Office Supplies,Writing,Highlighter Set,8447.78,7,1661.35
ORD-0098,2025-05-28,West,Technology,Accessories,Mechanical Keyboard,120884.64,4,29791.04
ORD-0099,2025-06-15,East,Furniture,Chairs,Gaming Chair,5764.52,2,1159.17
ORD-0100,2025-07-31,West,Technology,Mobile,Tablet,10722.42,3,2273.95
ORD-0101,2025-10-09,East,Furniture,Chairs,Office Chair,6280.65,2,887.68
ORD-0102,2025-12-30,South,Technology,Laptops,Gaming Laptop,8136.96,1,1622.55
ORD-0103,2025-09-13,South,Technology,Accessories,Wireless Mouse,126150.61,3,24170.07
ORD-0104,2025-10-10,West,Furniture,Tables,Study Desk,3373.38,1,705.24
ORD-0105,2025-06-24,West,Technology,Laptops,Student Laptop,126360.24,3,31299.29
ORD-0106,2025-03-18,West,Furniture,Storage,Drawer Unit,17071.92,2,2190.62
ORD-0107,2025-04-07,East,Office Supplies,Writing,Marker Set,9812.36,4,2467.94
ORD-0108,2025-12-28,West,Furniture,Chairs,Gaming Chair,33039.31,2,4428.95
ORD-0109,2025-03-06,North,Office Supplies,Paper,Notebook Set,12855.9,10,2524.37
ORD-0110,2025-01-08,West,Furniture,Chairs,Ergonomic Chair,26507.58,2,5352.69
ORD-0111,2025-11-16,East,Technology,Accessories,Mechanical Keyboard,31540.46,1,7989.76
ORD-0112,2025-10-05,West,Office Supplies,Writing,Marker Set,295.19,2,51.36
ORD-0113,2025-08-11,North,Furniture,Chairs,Ergonomic Chair,52888.73,3,9443.0
ORD-0114,2025-01-24,North,Technology,Mobile,Midrange Smartphone,15407.61,1,2354.38
ORD-0115,2025-10-17,West,Technology,Laptops,Gaming Laptop,62125.71,2,8113.43
ORD-0116,2025-09-12,South,Furniture,Storage,Drawer Unit,16509.38,1,1857.41
ORD-0117,2025-08-27,North,Furniture,Tables,Coffee Table,48932.04,3,7659.03
ORD-0118,2025-12-20,West,Furniture,Storage,Filing Cabinet,10353.36,2,1117.03
ORD-0119,2025-10-20,West,Furniture,Chairs,Office Chair,14076.4,2,3082.41
ORD-0120,2025-10-17,North,Office Supplies,Writing,Marker Set,2170.76,1,715.14
ORD-0121,2025-04-23,East,Furniture,Chairs,Ergonomic Chair,35358.5,3,4069.33
ORD-0122,2025-11-18,North,Office Supplies,Organization,Binder Pack,8185.36,5,-326.31
ORD-0123,2025-08-01,East,Technology,Laptops,Student Laptop,17786.07,2,4296.62
ORD-0124,2025-03-26,East,Furniture,Storage,Drawer Unit,10588.38,2,2281.09
ORD-0125,2025-03-14,North,Furniture,Chairs,Gaming Chair,13795.99,1,2764.99
ORD-0126,2025-07-22,North,Furniture,Storage,Filing Cabinet,3414.03,3,332.19
ORD-0127,2025-11-23,West,Office Supplies,Organization,Folder Set,4708.62,2,1295.87
ORD-0128,2025-11-28,South,Office Supplies,Organization,Folder Set,1714.0,8,564.18
ORD-0129,2025-01-20,North,Furniture,Chairs,Office Chair,12209.27,2,1175.23
ORD-0130,2025-07-09,West,Office Supplies,Paper,Notebook Set,15263.88,9,3303.09
ORD-0131,2025-09-08,North,Technology,Accessories,USB-C Hub,84496.7,3,8947.27
ORD-0132,2025-02-20,East,Furniture,Tables,Study Desk,35347.73,2,5522.21
ORD-0133,2025-04-08,East,Furniture,Chairs,Gaming Chair,34912.68,2,3241.09
ORD-0134,2025-06-20,North,Office Supplies,Organization,Binder Pack,1962.92,3,590.85
ORD-0135,2025-04-30,South,Office Supplies,Paper,Sticky Notes,2585.06,3,779.11
ORD-0136,2025-03-31,East,Furniture,Chairs,Office Chair,2779.74,1,273.67
ORD-0137,2025-03-31,North,Technology,Mobile,Midrange Smartphone,25646.19,2,5988.62
ORD-0138,2025-07-05,West,Office Supplies,Paper,Notebook Set,2624.6,2,587.81
ORD-0139,2025-08-23,East,Office Supplies,Paper,Sticky Notes,1629.75,1,218.37
ORD-0140,2025-09-09,North,Furniture,Tables,Coffee Table,26164.12,2,2362.32
ORD-0141,2025-05-21,South,Office Supplies,Paper,A4 Paper Pack,15833.35,10,3896.94
ORD-0142,2025-09-16,West,Office Supplies,Organization,Folder Set,3074.48,2,929.76
ORD-0143,2025-08-09,South,Office Supplies,Organization,Label Stickers,4647.18,4,999.97
ORD-0144,2025-06-10,North,Furniture,Tables,Coffee Table,24592.99,3,2845.03
ORD-0145,2025-02-13,North,Office Supplies,Writing,Gel Pen Box,574.96,2,167.46
ORD-0146,2025-12-10,East,Technology,Mobile,Budget Smartphone,19661.19,3,5057.83
ORD-0147,2025-11-04,East,Furniture,Storage,Bookshelf,6242.88,1,1004.53
ORD-0148,2025-06-29,North,Office Supplies,Writing,Gel Pen Box,12736.27,6,1864.89
ORD-0149,2025-11-08,North,Technology,Accessories,USB-C Hub,125681.68,3,13223.17
ORD-0150,2025-04-03,North,Furniture,Tables,Conference Table,47323.96,3,8141.06
ORD-0151,2025-09-29,North,Office Supplies,Organization,Binder Pack,4094.47,7,918.55
ORD-0152,2025-01-27,North,Furniture,Storage,Filing Cabinet,10681.25,3,928.91
ORD-0153,2025-11-07,West,Furniture,Storage,Filing Cabinet,16917.91,2,1864.01
ORD-0154,2025-12-14,East,Furniture,Tables,Study Desk,25004.23,2,3844.92
ORD-0155,2025-01-04,North,Technology,Accessories,USB-C Hub,20307.47,2,4835.67
ORD-0156,2025-09-12,North,Furniture,Tables,Study Desk,13673.94,1,1341.22
ORD-0157,2025-02-06,East,Technology,Mobile,Tablet,18591.72,1,3318.99
ORD-0158,2025-10-21,West,Technology,Accessories,USB-C Hub,75654.89,4,11508.07
ORD-0159,2025-12-20,West,Furniture,Chairs,Ergonomic Chair,16628.06,1,2346.88
ORD-0160,2025-07-22,North,Furniture,Storage,Filing Cabinet,47357.9,3,6039.64
ORD-0161,2025-09-29,North,Technology,Laptops,Gaming Laptop,70607.7,3,11523.03
ORD-0162,2025-03-16,North,Office Supplies,Paper,A4 Paper Pack,2053.69,3,530.99
ORD-0163,2025-08-26,West,Office Supplies,Paper,A4 Paper Pack,19008.48,10,4243.61
ORD-0164,2025-11-18,East,Office Supplies,Organization,Label Stickers,6651.03,8,902.58
ORD-0165,2025-06-30,North,Furniture,Tables,Coffee Table,19150.92,2,-755.29
ORD-0166,2025-11-11,North,Furniture,Chairs,Ergonomic Chair,22117.53,2,3202.17
ORD-0167,2025-06-14,South,Office Supplies,Paper,Notebook Set,13825.93,9,2138.84
ORD-0168,2025-09-16,North,Technology,Accessories,USB-C Hub,29500.37,1,4265.57
ORD-0169,2025-07-06,South,Furniture,Storage,Drawer Unit,14551.54,2,1953.37
ORD-0170,2025-02-03,East,Office Supplies,Organization,Binder Pack,7780.01,9,2147.49
ORD-0171,2025-06-20,South,Office Supplies,Organization,Label Stickers,776.59,3,256.94
ORD-0172,2025-03-08,West,Office Supplies,Organization,Label Stickers,3023.8,2,578.16
ORD-0173,2025-11-27,North,Furniture,Chairs,Ergonomic Chair,37094.39,3,4846.6
ORD-0174,2025-04-09,West,Technology,Laptops,Student Laptop,22245.17,2,2844.94
ORD-0175,2025-12-05,North,Technology,Mobile,Tablet,31900.56,2,6619.51
ORD-0176,2025-08-13,South,Technology,Mobile,Tablet,9341.19,3,2071.37
ORD-0177,2025-04-30,West,Furniture,Storage,Filing Cabinet,20063.18,2,4317.27
ORD-0178,2025-08-25,West,Technology,Accessories,USB-C Hub,139605.63,4,26598.11
ORD-0179,2025-05-09,South,Technology,Laptops,Gaming Laptop,13941.9,4,3587.82
ORD-0180,2025-05-26,North,Technology,Mobile,Tablet,9747.46,2,1453.37
ORD-0181,2025-08-19,South,Technology,Accessories,Wireless Mouse,39946.78,1,6977.96
ORD-0182,2025-07-11,North,Furniture,Chairs,Gaming Chair,9479.23,2,1993.63
ORD-0183,2025-01-20,South,Office Supplies,Writing,Gel Pen Box,6079.89,8,1702.96
ORD-0184,2025-02-10,North,Office Supplies,Writing,Marker Set,425.48,4,132.77
ORD-0185,2025-02-26,West,Office Supplies,Organization,Label Stickers,7815.44,4,-264.31
ORD-0186,2025-09-13,North,Office Supplies,Writing,Gel Pen Box,1516.04,1,402.28
ORD-0187,2025-01-01,West,Office Supplies,Paper,Notebook Set,6240.54,4,1567.95
ORD-0188,2025-02-04,East,Office Supplies,Paper,Sticky Notes,21476.74,9,5083.23
ORD-0189,2025-01-23,West,Office Supplies,Paper,Notebook Set,9666.22,6,65.12
ORD-0190,2025-10-25,North,Furniture,Chairs,Ergonomic Chair,26943.39,2,2658.7
ORD-0191,2025-12-23,West,Furniture,Storage,Bookshelf,9082.88,1,1758.53
ORD-0192,2025-01-23,South,Furniture,Chairs,Gaming Chair,14427.97,1,1791.71
ORD-0193,2025-01-19,East,Furniture,Storage,Filing Cabinet,13781.27,1,1654.52
ORD-0194,2025-03-05,East,Technology,Mobile,Midrange Smartphone,144844.79,4,37675.23
ORD-0195,2025-12-21,West,Furniture,Tables,Study Desk,28222.95,3,3311.71
ORD-0196,2025-10-07,South,Furniture,Chairs,Gaming Chair,5923.41,1,540.27
ORD-0197,2025-03-27,West,Furniture,Tables,Coffee Table,25389.96,2,3620.56
ORD-0198,2025-11-24,East,Furniture,Storage,Filing Cabinet,17658.47,1,1598.19
ORD-0199,2025-01-16,South,Furniture,Storage,Drawer Unit,10024.59,3,1753.63
ORD-0200,2025-07-05,East,Technology,Laptops,Business Laptop,17969.02,1,3754.03
ORD-0201,2025-10-21,North,Furniture,Tables,Conference Table,6509.17,2,883.46
ORD-0202,2025-09-13,South,Technology,Laptops,Business Laptop,23877.24,1,3512.81
ORD-0203,2025-12-22,East,Furniture,Chairs,Ergonomic Chair,33143.58,2,3580.33
ORD-0204,2025-02-14,West,Technology,Accessories,Wireless Mouse,110101.44,3,24245.57
ORD-0205,2025-03-22,East,Office Supplies,Organization,Folder Set,5390.44,3,1630.88
ORD-0206,2025-09-10,South,Technology,Laptops,Business Laptop,7053.72,3,1298.82
ORD-0207,2025-06-08,North,Technology,Mobile,Budget Smartphone,74557.63,4,14510.79
ORD-0208,2025-11-25,East,Office Supplies,Paper,A4 Paper Pack,1927.7,8,532.86
ORD-0209,2025-03-08,South,Office Supplies,Organization,Label Stickers,1115.59,1,347.19
ORD-0210,2025-12-30,East,Furniture,Chairs,Office Chair,14266.63,3,2928.79
ORD-0211,2025-03-06,East,Furniture,Chairs,Ergonomic Chair,34763.65,3,5377.48
ORD-0212,2025-03-29,South,Technology,Mobile,Tablet,90157.5,3,22688.62
ORD-0213,2025-11-30,East,Technology,Laptops,Business Laptop,41733.63,4,742.43
ORD-0214,2025-09-05,East,Office Supplies,Writing,Highlighter Set,4602.51,7,867.16
ORD-0215,2025-09-05,West,Technology,Laptops,Student Laptop,64627.7,3,13520.04
ORD-0216,2025-07-24,East,Office Supplies,Writing,Highlighter Set,2274.42,6,542.33
ORD-0217,2025-08-19,East,Technology,Accessories,Wireless Mouse,12058.85,1,1315.73
ORD-0218,2025-06-17,South,Office Supplies,Writing,Gel Pen Box,14030.12,6,2296.2
ORD-0219,2025-09-12,East,Office Supplies,Writing,Marker Set,815.85,7,192.75
ORD-0220,2025-01-26,North,Technology,Mobile,Midrange Smartphone,54093.63,4,-3687.85
ORD-0221,2025-07-26,East,Technology,Accessories,USB-C Hub,68912.22,4,7525.79
ORD-0222,2025-07-17,North,Furniture,Storage,Filing Cabinet,28568.31,3,3404.23
ORD-0223,2025-02-19,South,Office Supplies,Organization,Binder Pack,6126.75,6,1521.28
ORD-0224,2025-09-14,West,Technology,Laptops,Gaming Laptop,2963.16,1,369.41
ORD-0225,2025-11-07,South,Furniture,Storage,Filing Cabinet,16172.55,1,2036.37
ORD-0226,2025-10-31,East,Technology,Accessories,USB-C Hub,63732.63,4,14503.84
ORD-0227,2025-08-02,North,Technology,Accessories,Mechanical Keyboard,26766.15,1,5552.47
ORD-0228,2025-01-27,South,Office Supplies,Organization,Label Stickers,4451.39,3,1070.89
ORD-0229,2025-01-17,South,Furniture,Chairs,Ergonomic Chair,32072.85,3,-1459.12
ORD-0230,2025-07-30,South,Technology,Accessories,USB-C Hub,92718.78,4,23838.66
ORD-0231,2025-10-15,South,Technology,Mobile,Budget Smartphone,61748.68,4,12015.42
ORD-0232,2025-10-07,East,Technology,Accessories,USB-C Hub,50153.31,3,10522.86
ORD-0233,2025-04-26,East,Technology,Accessories,USB-C Hub,127311.2,3,30403.36
ORD-0234,2025-09-03,East,Office Supplies,Organization,Folder Set,4555.4,5,848.18
ORD-0235,2025-03-16,East,Office Supplies,Writing,Marker Set,3843.52,5,1305.73
ORD-0236,2025-04-20,West,Furniture,Storage,Filing Cabinet,13066.09,3,1541.26
ORD-0237,2025-05-05,South,Furniture,Chairs,Office Chair,5304.27,3,591.92
ORD-0238,2025-02-21,West,Technology,Accessories,Mechanical Keyboard,62072.42,2,6265.13
ORD-0239,2025-09-02,West,Technology,Accessories,USB-C Hub,89080.78,3,14057.85
ORD-0240,2025-10-01,South,Technology,Mobile,Tablet,33554.47,1,8871.18
ORD-0241,2025-04-06,West,Technology,Laptops,Student Laptop,126670.39,3,-2219.8
ORD-0242,2025-11-25,West,Technology,Accessories,Mechanical Keyboard,99986.24,4,26003.1
ORD-0243,2025-02-27,South,Office Supplies,Writing,Marker Set,6934.95,8,1866.23
ORD-0244,2025-10-18,East,Technology,Mobile,Midrange Smartphone,61477.54,2,8089.77
ORD-0245,2025-02-14,East,Furniture,Tables,Coffee Table,7754.25,1,820.94
ORD-0246,2025-07-16,East,Furniture,Chairs,Office Chair,9854.83,2,2104.65
ORD-0247,2025-12-01,East,Office Supplies,Organization,Binder Pack,3749.23,4,503.48
ORD-0248,2025-12-20,East,Furniture,Chairs,Gaming Chair,5815.62,2,764.5
ORD-0249,2025-11-07,West,Technology,Accessories,Wireless Mouse,70259.07,4,16603.84
ORD-0250,2025-09-27,North,Technology,Laptops,Gaming Laptop,62302.68,3,7106.15
ORD-0251,2025-10-21,South,Technology,Mobile,Tablet,49411.43,2,7859.44
ORD-0252,2025-02-16,West,Technology,Mobile,Budget Smartphone,162285.41,4,39851.55
ORD-0253,2025-10-14,North,Office Supplies,Writing,Marker Set,5941.02,5,1701.24
ORD-0254,2025-01-24,North,Technology,Mobile,Budget Smartphone,19757.95,1,3900.41
ORD-0255,2025-07-29,East,Technology,Accessories,Wireless Mouse,18166.36,2,4320.85
ORD-0256,2025-08-18,West,Office Supplies,Writing,Marker Set,15273.11,7,3152.35
ORD-0257,2025-03-02,East,Office Supplies,Organization,Binder Pack,4459.28,9,938.25
ORD-0258,2025-08-26,East,Technology,Laptops,Business Laptop,122797.18,4,24037.31
ORD-0259,2025-05-22,South,Technology,Accessories,Mechanical Keyboard,9455.44,1,1000.38
ORD-0260,2025-02-04,South,Office Supplies,Paper,A4 Paper Pack,306.19,1,68.18
ORD-0261,2025-07-25,North,Technology,Laptops,Gaming Laptop,40853.14,2,9632.74
ORD-0262,2025-10-22,South,Technology,Mobile,Midrange Smartphone,45503.95,3,6490.81
ORD-0263,2025-06-03,West,Office Supplies,Organization,Binder Pack,6582.38,9,2225.9
ORD-0264,2025-10-12,West,Technology,Mobile,Tablet,68724.57,3,18520.28
ORD-0265,2025-07-29,West,Office Supplies,Writing,Highlighter Set,2968.64,7,481.79
ORD-0266,2025-08-26,South,Technology,Laptops,Student Laptop,165062.65,4,45260.43
ORD-0267,2025-04-15,East,Technology,Accessories,Wireless Mouse,15665.52,1,4167.04
ORD-0268,2025-01-27,South,Technology,Mobile,Tablet,12958.62,1,3333.63
ORD-0269,2025-09-03,South,Office Supplies,Organization,Label Stickers,3418.14,6,648.53
ORD-0270,2025-09-03,North,Technology,Laptops,Gaming Laptop,82505.06,2,14140.85
ORD-0271,2025-10-01,West,Furniture,Tables,Conference Table,23986.27,2,2797.25
ORD-0272,2025-06-13,West,Furniture,Tables,Study Desk,33070.1,2,497.68
ORD-0273,2025-10-11,East,Office Supplies,Paper,A4 Paper Pack,23408.1,10,6685.42
ORD-0274,2025-10-19,West,Technology,Accessories,Wireless Mouse,150805.15,4,30027.67
ORD-0275,2025-08-24,West,Furniture,Tables,Conference Table,7553.59,2,783.29
ORD-0276,2025-09-26,North,Furniture,Chairs,Ergonomic Chair,1478.39,1,313.9
ORD-0277,2025-02-04,South,Technology,Accessories,Wireless Mouse,32174.03,1,4484.08
ORD-0278,2025-12-04,West,Technology,Mobile,Tablet,22568.02,1,4418.78
ORD-0279,2025-10-02,East,Technology,Mobile,Tablet,44013.6,1,8380.14
ORD-0280,2025-09-26,North,Furniture,Chairs,Office Chair,3446.15,1,574.71
ORD-0281,2025-07-11,North,Furniture,Tables,Conference Table,34607.98,2,5506.14
ORD-0282,2025-12-01,North,Technology,Accessories,USB-C Hub,44635.35,1,5214.75
ORD-0283,2025-12-26,North,Office Supplies,Writing,Gel Pen Box,3825.41,8,1202.81
ORD-0284,2025-04-28,North,Furniture,Storage,Bookshelf,13545.69,3,2766.81
ORD-0285,2025-10-06,East,Technology,Laptops,Gaming Laptop,25881.73,1,3423.73
ORD-0286,2025-12-31,South,Technology,Laptops,Gaming Laptop,37155.52,1,5717.11
ORD-0287,2025-07-16,East,Office Supplies,Writing,Highlighter Set,5711.06,3,1723.68
ORD-0288,2025-01-28,East,Technology,Mobile,Tablet,10957.27,2,2749.85
ORD-0289,2025-01-16,East,Office Supplies,Organization,Folder Set,12858.08,8,2993.86
ORD-0290,2025-02-13,West,Furniture,Tables,Study Desk,28208.13,2,5408.28
ORD-0291,2025-12-31,West,Technology,Accessories,Wireless Mouse,71068.79,2,16568.83
ORD-0292,2025-08-16,East,Technology,Laptops,Business Laptop,50893.16,3,6025.83
ORD-0293,2025-02-22,West,Furniture,Tables,Coffee Table,2698.16,2,425.21
ORD-0294,2025-07-31,East,Furniture,Tables,Study Desk,7531.37,1,1366.78
ORD-0295,2025-12-17,South,Technology,Mobile,Tablet,35752.13,2,5305.81
ORD-0296,2025-05-22,West,Technology,Laptops,Business Laptop,78577.13,4,18927.66
ORD-0297,2025-11-01,West,Technology,Mobile,Tablet,112840.37,4,13456.78
ORD-0298,2025-06-18,West,Furniture,Tables,Coffee Table,16855.62,2,3272.8
ORD-0299,2025-11-05,East,Office Supplies,Paper,Notebook Set,9485.44,4,2183.28
ORD-0300,2025-10-22,West,Furniture,Tables,Conference Table,28543.52,2,3786.23
ORD-0301,2025-10-31,South,Furniture,Tables,Study Desk,17953.23,1,3149.71
ORD-0302,2025-08-13,South,Office Supplies,Writing,Highlighter Set,4012.71,2,1237.37
ORD-0303,2025-11-21,South,Furniture,Storage,Filing Cabinet,12156.88,2,2093.57
ORD-0304,2025-10-26,West,Furniture,Chairs,Gaming Chair,23261.3,3,4868.34
ORD-0305,2025-12-26,East,Furniture,Storage,Bookshelf,48639.23,3,7934.75
ORD-0306,2025-03-27,East,Technology,Laptops,Gaming Laptop,29538.59,1,5948.47
ORD-0307,2025-02-24,West,Office Supplies,Writing,Marker Set,428.68,5,73.33
ORD-0308,2025-08-17,South,Office Supplies,Organization,Label Stickers,7782.81,8,2316.47
ORD-0309,2025-09-05,North,Office Supplies,Paper,Notebook Set,2205.7,7,731.69
ORD-0310,2025-06-25,East,Office Supplies,Paper,Notebook Set,4684.05,4,1123.5
ORD-0311,2025-06-13,West,Technology,Accessories,USB-C Hub,4142.24,1,1018.3
ORD-0312,2025-05-05,South,Furniture,Storage,Bookshelf,29170.49,3,2987.61
ORD-0313,2025-04-06,South,Furniture,Chairs,Gaming Chair,23704.38,2,3209.14
ORD-0314,2025-07-19,West,Technology,Accessories,USB-C Hub,2789.82,2,382.32
ORD-0315,2025-07-07,South,Technology,Mobile,Budget Smartphone,61912.56,4,7461.2
ORD-0316,2025-11-02,East,Furniture,Storage,Drawer Unit,15091.46,2,2447.54
ORD-0317,2025-11-11,East,Furniture,Storage,Bookshelf,32975.64,3,3256.43
ORD-0318,2025-12-22,East,Furniture,Chairs,Office Chair,6634.46,2,919.23
ORD-0319,2025-11-22,West,Furniture,Tables,Study Desk,30267.56,3,6365.19
ORD-0320,2025-04-06,South,Technology,Accessories,Mechanical Keyboard,59914.42,4,12671.53
ORD-0321,2025-07-16,South,Technology,Accessories,Wireless Mouse,173662.86,4,30155.55
ORD-0322,2025-02-12,South,Office Supplies,Writing,Marker Set,5758.28,4,1077.84
ORD-0323,2025-10-17,West,Office Supplies,Writing,Gel Pen Box,14973.96,8,3690.14
ORD-0324,2025-10-05,East,Technology,Accessories,USB-C Hub,37230.36,1,8816.18
ORD-0325,2025-06-02,South,Technology,Accessories,Wireless Mouse,39516.67,1,7150.61
ORD-0326,2025-04-18,South,Technology,Accessories,Wireless Mouse,110126.34,3,28080.98
ORD-0327,2025-04-16,South,Furniture,Chairs,Ergonomic Chair,14811.36,1,2367.01
ORD-0328,2025-12-27,East,Office Supplies,Organization,Binder Pack,7740.29,10,1404.78
ORD-0329,2025-01-31,West,Office Supplies,Paper,A4 Paper Pack,7445.0,3,2094.49
ORD-0330,2025-12-13,South,Technology,Mobile,Midrange Smartphone,36800.59,2,7504.99
ORD-0331,2025-11-21,North,Furniture,Tables,Conference Table,14487.64,1,1976.1
ORD-0332,2025-06-17,West,Office Supplies,Writing,Marker Set,2959.94,2,852.8
ORD-0333,2025-10-01,North,Office Supplies,Organization,Folder Set,7212.99,7,2233.97
ORD-0334,2025-10-17,South,Furniture,Tables,Conference Table,30952.85,2,6350.96
ORD-0335,2025-01-09,West,Technology,Laptops,Gaming Laptop,13283.18,2,337.17
ORD-0336,2025-03-23,East,Technology,Mobile,Budget Smartphone,118499.23,3,13840.85
ORD-0337,2025-01-27,South,Technology,Accessories,USB-C Hub,55679.28,3,12843.98
ORD-0338,2025-01-01,North,Furniture,Storage,Bookshelf,4549.5,1,448.48
ORD-0339,2025-12-23,North,Office Supplies,Writing,Gel Pen Box,1796.64,2,623.93
ORD-0340,2025-07-16,South,Technology,Accessories,Wireless Mouse,5112.7,1,606.24
ORD-0341,2025-11-25,South,Furniture,Chairs,Gaming Chair,17879.28,1,1601.58
ORD-0342,2025-06-29,West,Office Supplies,Organization,Binder Pack,5468.2,3,1813.12
ORD-0343,2025-03-13,North,Furniture,Chairs,Office Chair,41300.46,3,7525.0
ORD-0344,2025-05-22,South,Furniture,Tables,Study Desk,11923.01,1,1877.58
ORD-0345,2025-12-04,North,Office Supplies,Writing,Highlighter Set,8788.07,4,2101.07
ORD-0346,2025-05-03,North,Office Supplies,Writing,Marker Set,2535.05,2,444.77
ORD-0347,2025-06-12,East,Technology,Mobile,Budget Smartphone,27923.4,4,4628.98
ORD-0348,2025-01-08,North,Furniture,Chairs,Office Chair,5383.37,1,1125.99
ORD-0349,2025-08-05,West,Furniture,Storage,Filing Cabinet,12900.96,1,2188.97
ORD-0350,2025-02-10,East,Technology,Accessories,Wireless Mouse,47190.29,2,12995.09
ORD-0351,2025-06-08,North,Furniture,Tables,Coffee Table,38542.07,3,8227.96
ORD-0352,2025-08-21,North,Technology,Laptops,Student Laptop,28018.6,1,4361.72
ORD-0353,2025-12-29,North,Office Supplies,Paper,A4 Paper Pack,394.8,1,62.25
ORD-0354,2025-03-27,East,Office Supplies,Organization,Label Stickers,4836.81,5,1395.78
ORD-0355,2025-09-26,East,Technology,Accessories,Mechanical Keyboard,3997.59,1,756.77
ORD-0356,2025-07-08,South,Technology,Accessories,USB-C Hub,8090.18,1,2111.28
ORD-0357,2025-01-23,North,Technology,Laptops,Gaming Laptop,38810.58,1,5589.47
ORD-0358,2025-10-11,North,Furniture,Chairs,Office Chair,43899.82,3,8064.1
ORD-0359,2025-05-19,East,Furniture,Chairs,Gaming Chair,45073.65,3,5958.43
ORD-0360,2025-07-25,North,Technology,Laptops,Business Laptop,16875.91,4,4318.31
ORD-0361,2025-01-05,West,Furniture,Tables,Study Desk,14417.04,2,2291.34
ORD-0362,2025-10-30,East,Office Supplies,Paper,Notebook Set,9725.33,4,2805.43
ORD-0363,2025-01-13,West,Technology,Laptops,Business Laptop,34215.9,3,7338.27
ORD-0364,2025-06-07,West,Technology,Accessories,Wireless Mouse,11505.93,2,2020.06
ORD-0365,2025-01-23,North,Technology,Mobile,Midrange Smartphone,166207.28,4,37588.18
ORD-0366,2025-09-16,North,Office Supplies,Paper,Sticky Notes,2700.42,7,370.53
ORD-0367,2025-05-30,South,Furniture,Storage,Bookshelf,10725.89,2,2248.64
ORD-0368,2025-05-20,West,Office Supplies,Writing,Marker Set,2520.05,4,381.3
ORD-0369,2025-08-19,South,Technology,Laptops,Business Laptop,86452.86,4,10524.13
ORD-0370,2025-05-16,West,Technology,Accessories,Mechanical Keyboard,38538.72,1,4947.25
ORD-0371,2025-04-21,North,Office Supplies,Organization,Label Stickers,12597.94,6,1941.52
ORD-0372,2025-12-13,North,Furniture,Tables,Coffee Table,6010.18,1,506.97
ORD-0373,2025-02-18,South,Furniture,Storage,Drawer Unit,8800.94,1,853.72
ORD-0374,2025-07-10,West,Technology,Laptops,Business Laptop,31259.29,1,6402.47
ORD-0375,2025-11-27,South,Technology,Laptops,Business Laptop,41244.58,2,4807.31
ORD-0376,2025-01-26,West,Furniture,Chairs,Office Chair,11317.85,3,1591.76
ORD-0377,2025-03-30,West,Furniture,Chairs,Gaming Chair,6952.43,1,823.85
ORD-0378,2025-11-28,South,Technology,Laptops,Gaming Laptop,56502.42,4,14628.48
ORD-0379,2025-08-03,South,Technology,Accessories,Mechanical Keyboard,19872.5,2,4243.49
ORD-0380,2025-09-03,East,Technology,Accessories,USB-C Hub,100199.52,4,16224.92
ORD-0381,2025-01-14,South,Furniture,Tables,Conference Table,6352.81,1,534.29
ORD-0382,2025-10-27,East,Furniture,Chairs,Gaming Chair,17993.26,1,1691.7
ORD-0383,2025-04-23,North,Furniture,Storage,Drawer Unit,21488.67,2,2786.49
ORD-0384,2025-12-24,East,Technology,Laptops,Business Laptop,16914.7,1,3833.24
ORD-0385,2025-09-10,South,Office Supplies,Organization,Binder Pack,4148.35,3,965.74
ORD-0386,2025-09-27,North,Technology,Mobile,Budget Smartphone,66407.75,3,17612.75
ORD-0387,2025-06-15,South,Technology,Accessories,USB-C Hub,7617.1,2,1566.0
ORD-0388,2025-07-11,North,Technology,Mobile,Midrange Smartphone,128235.06,4,26350.12
ORD-0389,2025-11-24,West,Furniture,Chairs,Office Chair,51981.97,3,6467.58
ORD-0390,2025-04-25,East,Office Supplies,Organization,Label Stickers,5051.69,3,1045.84
ORD-0391,2025-12-26,North,Furniture,Chairs,Office Chair,34245.48,2,6818.48
ORD-0392,2025-11-10,East,Office Supplies,Paper,A4 Paper Pack,5989.84,10,862.21
ORD-0393,2025-06-27,South,Furniture,Storage,Bookshelf,17698.69,1,2992.25
ORD-0394,2025-08-17,East,Office Supplies,Organization,Label Stickers,351.22,4,62.3
ORD-0395,2025-01-25,North,Furniture,Chairs,Ergonomic Chair,22498.57,3,3121.71
ORD-0396,2025-10-07,East,Furniture,Tables,Conference Table,14636.89,2,2787.19
ORD-0397,2025-02-07,West,Office Supplies,Paper,A4 Paper Pack,2010.03,1,377.54
ORD-0398,2025-07-12,South,Technology,Laptops,Student Laptop,8247.62,1,1636.89
ORD-0399,2025-12-27,West,Technology,Accessories,USB-C Hub,5115.0,2,1070.66
ORD-0400,2025-04-08,South,Technology,Laptops,Student Laptop,57379.37,3,12560.78
ORD-0401,2025-03-20,West,Technology,Laptops,Student Laptop,3587.31,1,634.84
ORD-0402,2025-04-13,West,Office Supplies,Organization,Label Stickers,1186.59,4,189.01
ORD-0403,2025-07-23,East,Technology,Accessories,Wireless Mouse,65482.1,3,7622.42
ORD-0404,2025-04-06,East,Technology,Accessories,Mechanical Keyboard,62174.87,3,11138.83
ORD-0405,2025-12-23,South,Furniture,Storage,Bookshelf,12313.71,1,2136.92
ORD-0406,2025-07-18,North,Furniture,Storage,Bookshelf,29789.46,2,6410.33
ORD-0407,2025-06-03,West,Furniture,Storage,Bookshelf,6750.39,3,572.85
ORD-0408,2025-03-03,South,Office Supplies,Organization,Label Stickers,19009.45,8,3036.99
ORD-0409,2025-08-05,North,Technology,Laptops,Business Laptop,18530.17,4,2526.5
ORD-0410,2025-02-04,East,Technology,Mobile,Midrange Smartphone,20047.21,4,3996.81
ORD-0411,2025-02-27,West,Office Supplies,Writing,Gel Pen Box,3213.72,3,804.45
ORD-0412,2025-05-27,North,Technology,Laptops,Gaming Laptop,117586.25,3,30339.7
ORD-0413,2025-01-20,West,Office Supplies,Writing,Highlighter Set,3361.17,7,514.55
ORD-0414,2025-06-19,West,Office Supplies,Writing,Gel Pen Box,1744.85,1,508.66
ORD-0415,2025-06-09,East,Furniture,Chairs,Gaming Chair,11387.86,2,2279.31
ORD-0416,2025-06-14,West,Technology,Laptops,Student Laptop,52002.38,4,10863.1
ORD-0417,2025-09-22,West,Furniture,Chairs,Gaming Chair,15728.93,1,2392.96
ORD-0418,2025-03-11,West,Furniture,Storage,Drawer Unit,42740.49,3,-2512.97
ORD-0419,2025-08-22,North,Technology,Laptops,Business Laptop,10243.49,3,2323.57
ORD-0420,2025-12-15,North,Furniture,Storage,Filing Cabinet,2845.26,2,422.32
ORD-0421,2025-06-26,East,Furniture,Storage,Drawer Unit,7392.17,2,1366.48
ORD-0422,2025-03-25,North,Furniture,Chairs,Gaming Chair,15500.34,1,3100.0
ORD-0423,2025-09-20,West,Office Supplies,Paper,Notebook Set,108.93,1,24.95
ORD-0424,2025-05-10,South,Technology,Mobile,Budget Smartphone,83536.39,3,19070.8
ORD-0425,2025-08-24,East,Furniture,Tables,Conference Table,10418.36,2,1274.17
ORD-0426,2025-01-04,North,Office Supplies,Writing,Highlighter Set,7848.56,6,1955.35
ORD-0427,2025-09-04,North,Furniture,Tables,Coffee Table,3983.23,2,675.89
ORD-0428,2025-04-07,East,Furniture,Storage,Drawer Unit,3463.79,1,713.39
ORD-0429,2025-12-15,East,Office Supplies,Writing,Highlighter Set,401.43,1,108.68
ORD-0430,2025-01-19,West,Furniture,Tables,Conference Table,32609.12,3,6334.06
ORD-0431,2025-12-10,West,Office Supplies,Paper,Sticky Notes,4673.67,5,1469.62
ORD-0432,2025-08-30,North,Office Supplies,Paper,Notebook Set,1860.92,5,533.7
ORD-0433,2025-04-24,North,Technology,Mobile,Midrange Smartphone,50284.24,3,8834.19
ORD-0434,2025-08-26,East,Furniture,Tables,Coffee Table,30911.51,2,2705.21
ORD-0435,2025-04-10,West,Office Supplies,Organization,Binder Pack,8968.15,7,2169.06
ORD-0436,2025-07-29,East,Technology,Laptops,Business Laptop,177755.97,4,22358.21
ORD-0437,2025-11-20,East,Technology,Laptops,Student Laptop,133244.54,3,-6650.49
ORD-0438,2025-02-15,West,Technology,Mobile,Budget Smartphone,27471.92,4,5879.75
ORD-0439,2025-10-01,North,Furniture,Tables,Study Desk,8619.97,2,1836.14
ORD-0440,2025-11-17,North,Office Supplies,Paper,A4 Paper Pack,7399.97,4,2068.37
ORD-0441,2025-03-27,East,Technology,Laptops,Student Laptop,4059.57,1,623.86
ORD-0442,2025-08-11,East,Office Supplies,Organization,Label Stickers,6679.97,3,1328.17
ORD-0443,2025-01-10,West,Furniture,Chairs,Office Chair,14417.86,3,3141.41
ORD-0444,2025-03-05,South,Technology,Mobile,Tablet,17256.71,1,2891.1
ORD-0445,2025-12-05,North,Office Supplies,Organization,Binder Pack,323.8,1,42.45
ORD-0446,2025-08-31,East,Furniture,Tables,Study Desk,12901.95,1,2287.86
ORD-0447,2025-12-06,North,Furniture,Tables,Coffee Table,29391.86,3,4843.45
ORD-0448,2025-05-25,North,Technology,Mobile,Tablet,6193.75,1,1174.29
ORD-0449,2025-12-27,East,Furniture,Storage,Bookshelf,7906.83,1,676.17
ORD-0450,2025-05-01,East,Technology,Mobile,Midrange Smartphone,1319.92,1,347.45
ORD-0451,2025-09-19,North,Office Supplies,Writing,Gel Pen Box,486.24,2,159.53
ORD-0452,2025-01-26,West,Furniture,Tables,Conference Table,2606.73,1,527.55
ORD-0453,2025-03-01,West,Furniture,Storage,Filing Cabinet,2524.47,1,205.38
ORD-0454,2025-08-13,East,Office Supplies,Paper,Notebook Set,11952.09,5,3849.16
ORD-0455,2025-07-24,West,Furniture,Chairs,Office Chair,34711.0,2,6838.04
ORD-0456,2025-02-27,South,Furniture,Tables,Coffee Table,9497.84,3,837.81
ORD-0457,2025-10-19,West,Technology,Laptops,Student Laptop,61827.24,2,12986.08
ORD-0458,2025-09-05,South,Office Supplies,Paper,Sticky Notes,4611.54,2,1494.82
ORD-0459,2025-01-07,East,Technology,Accessories,USB-C Hub,64120.17,2,17698.53
ORD-0460,2025-08-10,North,Furniture,Storage,Drawer Unit,12215.3,1,1801.39
ORD-0461,2025-01-06,North,Office Supplies,Writing,Gel Pen Box,4889.68,3,1155.34
ORD-0462,2025-06-14,West,Furniture,Chairs,Office Chair,10038.5,2,873.84
ORD-0463,2025-02-10,South,Office Supplies,Writing,Marker Set,11801.91,10,2632.57
ORD-0464,2025-12-01,West,Furniture,Tables,Study Desk,2407.7,2,331.61
ORD-0465,2025-09-18,East,Technology,Laptops,Gaming Laptop,103320.67,4,28006.51
ORD-0466,2025-10-14,East,Technology,Laptops,Student Laptop,139251.35,4,31888.34
ORD-0467,2025-01-02,South,Furniture,Chairs,Office Chair,20211.62,3,4345.92
ORD-0468,2025-01-24,North,Office Supplies,Writing,Highlighter Set,17987.04,8,2739.49
ORD-0469,2025-11-09,East,Office Supplies,Writing,Gel Pen Box,1076.1,2,359.36
ORD-0470,2025-02-25,East,Furniture,Chairs,Ergonomic Chair,13847.25,1,2904.15
ORD-0471,2025-12-04,West,Office Supplies,Paper,Notebook Set,13481.38,9,2035.23
ORD-0472,2025-10-27,West,Office Supplies,Organization,Binder Pack,11145.19,9,3339.64
ORD-0473,2025-02-23,South,Office Supplies,Organization,Binder Pack,10052.7,10,2607.84
ORD-0474,2025-05-21,South,Furniture,Tables,Coffee Table,15407.15,2,3325.92
ORD-0475,2025-12-26,East,Technology,Laptops,Student Laptop,75581.7,3,17243.01
ORD-0476,2025-11-16,South,Office Supplies,Paper,A4 Paper Pack,10818.59,6,3590.41
ORD-0477,2025-12-30,East,Office Supplies,Organization,Binder Pack,2049.53,6,511.0
ORD-0478,2025-08-05,East,Office Supplies,Organization,Folder Set,18290.37,9,2642.74
ORD-0479,2025-05-17,South,Technology,Mobile,Budget Smartphone,68116.21,2,18870.63
ORD-0480,2025-04-15,East,Technology,Laptops,Gaming Laptop,34207.41,1,5629.27
ORD-0481,2025-11-28,South,Office Supplies,Organization,Label Stickers,5718.0,4,1358.09
ORD-0482,2025-07-15,North,Office Supplies,Writing,Highlighter Set,6033.8,6,10.88
ORD-0483,2025-11-21,South,Technology,Mobile,Midrange Smartphone,96188.26,3,22692.68
ORD-0484,2025-05-31,South,Office Supplies,Paper,Sticky Notes,2310.22,2,376.58
ORD-0485,2025-08-08,North,Office Supplies,Paper,Notebook Set,3705.17,5,555.46
ORD-0486,2025-12-30,West,Furniture,Chairs,Gaming Chair,16931.16,1,1718.83
ORD-0487,2025-09-09,East,Technology,Mobile,Tablet,107393.94,3,12148.25
ORD-0488,2025-09-16,North,Office Supplies,Paper,A4 Paper Pack,4039.78,9,983.76
ORD-0489,2025-06-19,East,Technology,Laptops,Gaming Laptop,34005.89,2,9217.48
ORD-0490,2025-02-28,North,Furniture,Storage,Drawer Unit,24677.7,2,2804.59
ORD-0491,2025-07-15,East,Office Supplies,Paper,A4 Paper Pack,4589.75,2,958.12
ORD-0492,2025-09-21,East,Furniture,Chairs,Ergonomic Chair,29256.33,2,4334.4
ORD-0493,2025-02-19,North,Office Supplies,Paper,Notebook Set,4215.99,9,1022.96
ORD-0494,2025-12-17,South,Technology,Mobile,Tablet,19780.37,1,2710.0
ORD-0495,2025-12-18,North,Office Supplies,Writing,Highlighter Set,3481.29,8,-250.45
ORD-0496,2025-10-22,North,Technology,Accessories,USB-C Hub,111560.78,3,19341.73
ORD-0497,2025-07-19,North,Furniture,Tables,Conference Table,37240.22,3,3009.97
ORD-0498,2025-12-25,North,Technology,Mobile,Tablet,115060.21,3,30726.67
ORD-0499,2025-05-25,North,Office Supplies,Writing,Highlighter Set,15418.15,8,3202.74
ORD-0500,2025-03-11,South,Technology,Accessories,Wireless Mouse,101723.46,3,27752.62
